spoiler,5,4,original,stickied,0,1,locked,self,post_month,edited,nsfw,image,7,8,video,2,9,3,6,10,title_length,text_length,post_year
-0.001382030664337841,-0.000568824551613778,-0.0005565162184058003,0.0,0.0,-0.0005338952726750001,-0.00028582147865008345,0.0010984984164984501,0.000556322153726363,0.0039174845051845875,0.0016498322108818853,0.002209064874267419,0.0033188700759027023,-0.0030695860649729845,-0.000568824551613778,0.0030374317279332486,0.002204451577206279,0.0005800377153619696,0.0019406481811123921,0.005528122657351586,0.01165187592060335,0.025670139199619246,0.0400228629060676,0.06527026314620321
-0.0008249518073617512,0.0027643146495073267,-0.0011132291296921393,0.0,0.0,0.003317962877125158,-0.00026806756520980635,0.0010984984164984501,-0.0008249518073617512,0.004146091993013856,0.0019289773698787371,0.0027588739420234543,-0.001091145363600221,0.006635777997093584,0.0005429231703524273,0.001382030664337952,0.004698191329625567,0.00027032448951636034,0.009248394021092787,0.0033131019432014464,0.006090188541924224,0.043150780874992356,0.04465633737355823,0.06426942809608005
-0.0008249518073617512,0.001095013193279204,0.0,0.0,0.0,-0.000568824551613778,-0.001939306764742299,0.0010984984164984501,0.0033188700759027023,0.0008326875612555407,-0.0011250023411503163,0.002482818311647317,0.00498219594191196,0.003591089641616252,0.0016498322108818853,0.0038671382067958504,0.004698191329625567,0.00580770484985671,0.003317962877125158,0.00580770484985671,0.009688184468894856,0.02635511483780595,0.0434593790811757,0.060291801016837065
-0.0008249518073617512,-0.001681386312222255,-0.0008249518073617512,0.0,0.0,-0.002512419617166417,0.0052596124515313925,0.0010984984164984501,-0.001382030664337841,0.0002624149348657845,-0.0011250023411503163,0.001382030664337952,0.0019375961148145882,0.0027588739420234543,0.004144736047397624,0.002764061328676015,0.0058120840389300765,0.0050002246353209046,0.006411002133068,0.006635777997093584,0.0038671382067958504,0.04242294683788639,0.031020964178812394,0.06964243120712599
-0.001382030664337841,-0.002237979151860414,-0.0005565162184058003,0.0,0.0,0.00026504975763441685,2.3164888851345822e-05,0.0010984984164984501,-0.0005565162184058003,0.012200611215285262,0.003871412698780552,0.002204451577206279,0.000556322153726363,0.000556322153726363,0.002209064874267419,0.002482818311647317,-0.0005565162184058003,0.006634534557459437,0.004799112344799461,0.0038671382067958504,0.009137641899256033,0.017725327447496664,0.03206915409546385,0.06079019375191386
-0.0008249518073617512,0.003360213959376024,-0.0008249518073617512,0.0,0.0,-0.001405009007122704,0.004146091993013856,0.0010984984164984501,0.0019575754220024777,0.003886475981683901,0.0036010322558808205,0.0005429231703524273,0.0014014435844066364,0.003871412698780552,-0.0016701413737989501,0.0030374317279332486,0.004974645966940527,0.0033188700759027023,0.012425395670636052,0.009137641899256033,0.006635777997093584,0.032491195940436146,0.037163783884147206,0.06306627164082945
-0.0008249518073617512,-0.001681386312222255,0.0,0.0,0.0,-0.0002931865594714145,-0.0036123449889204906,0.0010984984164984501,-0.0008421662160718046,-0.0005338952726750001,0.0019280125567769923,-0.0005565162184058003,0.0019375961148145882,-0.0011132291296921393,0.0036010322558808205,0.004974645966940527,0.004144736047397624,-0.0029936736856949198,0.003886475981683901,0.010776095831061316,0.0011367257898893257,0.03649468528515165,0.037850567584465256,0.0673988299456002
-0.0008249518073617512,0.001653878108724749,-0.0005565162184058003,0.0,0.0,0.0027588739420234543,-0.0011132291296921393,0.0010984984164984501,0.00027032448951636034,0.005530598152771904,0.0005429231703524273,0.0008262743279308093,0.001653878108724749,-0.0022272556024963697,0.004146091993013856,0.004974645966940527,0.0033131019432014464,0.004445361763357081,0.0044391374518713,0.0047001440369909275,0.001987802694058738,0.03204697957236269,0.03398567582087242,0.06868740552889852
-0.0008249518073617512,0.0016498322108818853,0.000556322153726363,0.0,0.0,-0.002784574479473778,0.00026504975763441685,0.0010984984164984501,0.001653878108724749,-0.00208275566470284,0.002204451577206279,0.0033131019432014464,0.0019375961148145882,-0.001939306764742299,0.004698191329625567,0.0030374317279332486,0.005530598152771904,0.0052540141329256995,0.0044391374518713,0.006119539861694223,0.009713187410557267,0.04480467785841502,0.04047132890323235,0.0637475309724369
-0.0008249518073617512,0.0027588739420234543,0.0008262743279308093,0.0,0.0,-0.005263889987317194,-0.0038998368931824068,0.001653878108724749,0.00027032448951636034,0.004706948384371468,0.0058120840389300765,0.002482818311647317,0.001382030664337952,0.0052596124515313925,0.0019280125567769923,0.0030374317279332486,-0.0026927116749673186,0.009671115757737936,0.008399119286144563,0.008302322363520576,0.01355737747283714,0.03686453027987091,0.05114089887665696,0.06200676283751505
-0.0008249518073617512,0.0024832129460298225,0.00027032448951636034,0.0,0.0,0.004420985347141637,0.0019375961148145882,0.0010984984164984501,0.004144736047397624,0.008873904906110397,0.003591089641616252,0.0035918554206040287,0.004420985347141637,0.0027588739420234543,0.007484919398864087,0.0030374317279332486,0.0030374317279332486,-0.0011132291296921393,0.007300115338484292,0.009674214650365331,0.007740227059613525,0.03732590544653058,0.053970983285216656,0.07378157414513475
-0.001382030664337841,0.0008198984550333854,0.0011124528593240424,0.0,0.0,0.0019375961148145882,0.005528122657351586,0.0010984984164984501,0.0010984984164984501,-0.003631207392996716,0.003037249486897986,-0.0008249518073617512,0.004146091993013856,0.005530598152771904,0.007468370102474364,0.002209064874267419,0.002482818311647317,0.0038903254402788967,0.008699619816370463,0.00885345948889904,0.014105860681600468,0.035430445886820094,0.013829950649331346,0.08333859467671378
-0.001939306764742299,0.003037249486897986,-0.0008249518073617512,0.0,0.0,0.0052540141329256995,-1.2850268725106417e-05,0.0010984984164984501,0.004420985347141637,0.008020724915863142,-0.0011132291296921393,0.000817813512796306,0.0022241503346184244,0.002210465355457103,0.005251458101944717,0.0035918554206040287,0.004974645966940527,0.0030692967237795354,0.0016737788369686202,0.008873904906110397,0.006361218745558839,0.04372956498693015,0.039458564395569384,0.06233906072293505
-0.0008249518073617512,0.0016498322108818853,0.0008262743279308093,0.0,0.0,-0.006910153321689427,-0.001648587989743766,0.0010984984164984501,0.002209064874267419,0.0008326875612555407,0.004154089201717337,0.00027032448951636034,0.0047001440369909275,0.001373011836649174,0.001653878108724749,0.0019280125567769923,0.0,0.0025135256150842222,0.007849719092845153,0.004977727706026225,0.008845263955205351,0.027599467944526834,0.029020873730279395,0.08235966017280705
-0.0008249518073617512,0.002209064874267419,-0.0005565162184058003,0.0,0.0,0.004726575968166835,-0.0008452796059421619,0.002209064874267419,-0.0030544612689478168,-0.00530317657989432,0.0016683947217825956,0.004144736047397624,0.0008262743279308093,-0.0008489936446141044,0.004698191329625567,0.0019280125567769923,0.001382030664337952,0.0052540141329256995,0.004706948384371468,0.006357436513277137,0.009974335866978157,0.03292667048208542,0.0390424200441164,0.07711533377594315
-0.001382030664337841,-0.0011250023411503163,-0.0005565162184058003,0.0,0.0,0.001095013193279204,0.004146091993013856,0.001653878108724749,0.0038671382067958504,-0.004146091993013634,0.0033131019432014464,0.002204451577206279,0.001653878108724749,-0.0008489936446141044,-0.0016701413737989501,0.0010984984164984501,0.003317962877125158,0.00580770484985671,0.0016737788369686202,0.00885345948889904,0.008036011957032851,0.04086483109836203,0.046978388375190416,0.06608451556832151
-0.0008249518073617512,-0.00611537680925367,-0.0005565162184058003,0.0,0.0,0.0016564123223800076,0.002204451577206279,0.0010984984164984501,0.0,-0.001681386312222255,0.003317962877125158,0.0033131019432014464,0.0008451275309717676,0.003317962877125158,0.003603173138265192,0.002209064874267419,0.005528122657351586,0.009119264352852263,0.00026504975763441685,0.0038671382067958504,0.008571646204766914,0.0203118694532487,0.04737216463784555,0.06365764702284493
-0.0008249518073617512,0.0030477748871257093,0.001382030664337952,0.0,0.0,-0.0013987123740993868,0.0008198984550333854,0.0008262743279308093,-0.001648587989743766,0.001382030664337952,0.003591089641616252,0.000556322153726363,0.0019575754220024777,0.008586918590962278,0.003591089641616252,0.004420985347141637,0.009974335866978157,0.00498219594191196,0.00645104416459763,0.009688184468894856,0.004144736047397624,0.029732435433955984,0.04413372821659978,0.06874068374527642
-0.0008249518073617512,-0.002512419617166417,-0.0005565162184058003,0.0,0.0,-1.2850268725106417e-05,-0.0038803363681088054,0.0010984984164984501,0.0035918554206040287,-0.00611537680925367,0.00026504975763441685,0.0005429231703524273,0.002492973283857891,0.0033131019432014464,0.0014014435844066364,0.0008262743279308093,-0.001955462616023751,0.0014311024538429251,-0.002794535288962452,0.00885345948889904,0.009404417787390873,0.03540342261651119,0.03840551903813816,0.056816296061678484
-0.0008249518073617512,0.003317962877125158,-0.00026806756520980635,0.0,0.0,0.002482818311647317,0.0,0.00027032448951636034,0.0008262743279308093,0.0016683947217825956,0.003037249486897986,0.0019280125567769923,0.001653878108724749,0.001095013193279204,0.002482818311647317,0.002764061328676015,0.0002624149348657845,0.004712650835283716,0.0019631877971325595,0.008302322363520576,0.008036011957032851,0.02938191507415533,0.03866447314317756,0.06375835852928768
-0.001382030664337841,-0.002512419617166417,0.0,0.0,0.0,0.001653878108724749,-0.0008249518073617512,0.0010984984164984501,0.006083280716050021,0.004144736047397624,0.004144736047397624,0.0016498322108818853,0.002209064874267419,0.002204451577206279,0.002209064874267419,0.004420985347141637,0.004420985347141637,0.001693231684201768,-0.001126312807111285,0.004420985347141637,0.0058120840389300765,0.030797855063815938,0.034699899633106046,0.06404634932673292
-0.001382030664337841,-0.004457785817723714,0.000556322153726363,0.0,0.0,-0.00555629869022245,0.0016683947217825956,0.0010984984164984501,-0.00026806756520980635,0.0011124528593240424,0.003037249486897986,0.001373011836649174,0.0033188700759027023,0.0016498322108818853,0.001382030664337952,0.0035918554206040287,0.00027032448951636034,0.003656863191836446,-0.003074331808865405,0.0058120840389300765,0.015778906421020755,0.03438344425780315,0.042817993713846536,0.0628253384680999
-0.0008249518073617512,0.0002624149348657845,-0.0011132291296921393,0.0,0.0,0.0005429231703524273,-0.004704887857415296,0.001653878108724749,0.001653878108724749,-0.001955462616023751,0.001095013193279204,0.002209064874267419,0.001653878108724749,0.004424666762913976,-0.00028582147865008345,0.002482818311647317,0.002492973283857891,-0.003552575404559777,0.004174312631468946,0.006095933891617777,0.0008451275309717676,0.03615739261527484,0.022076917077840874,0.05499704218750867
-0.001382030664337841,-0.001681386312222255,0.00027032448951636034,0.0,0.0,-0.001126312807111285,-0.002784574479473778,0.0010984984164984501,0.0,0.004424666762913976,0.000817813512796306,0.0010984984164984501,0.003048164764474115,-1.2850268725106417e-05,0.003335113128643208,0.002482818311647317,0.006647812204282233,0.0019375961148145882,0.005830500016617113,0.007740227059613525,0.003603173138265192,0.028882659429685043,0.021393401446480387,0.06445093293654691
-0.0008249518073617512,-0.0022272556024963697,0.0,0.0,0.0,0.007199501314945955,-1.5234454912693707e-05,0.0010984984164984501,0.001382030664337952,-0.002434963434530868,0.002204451577206279,0.002204451577206279,0.001653878108724749,-0.0008421662160718046,-0.00026806756520980635,0.0030374317279332486,0.004420985347141637,0.008020724915863142,0.0056034216309807094,0.002482818311647317,0.00580770484985671,0.024943495995835674,0.03717677817535825,0.0714856945977127
-0.0008249518073617512,-0.0030544612689478168,0.000556322153726363,0.0,0.0,0.00027838775359601,0.003603173138265192,0.0010984984164984501,-0.0038803363681088054,0.0010984984164984501,0.004154089201717337,0.001653878108724749,0.000556322153726363,0.001095013193279204,0.0011124528593240424,0.002209064874267419,0.004144736047397624,-0.0029936736856949198,0.0019631877971325595,0.00498219594191196,0.006375557973536949,0.03934120173166822,0.04061577403768957,0.06336447482600671
0.0,-0.002784574479473778,0.0,0.0,0.0,0.000817813512796306,0.002482818311647317,0.0010984984164984501,0.001653878108724749,0.003912492062308592,0.0027588739420234543,0.0030374317279332486,0.0010984984164984501,-0.0011250023411503163,0.0038671382067958504,0.0033188700759027023,0.0002886246790911873,0.0014014435844066364,0.0008326875612555407,0.002209064874267419,0.009688184468894856,0.039104420348249125,0.034515756282179955,0.07855384703083235
-0.0008249518073617512,0.000817813512796306,0.0008262743279308093,0.0,0.0,-1.2850268725106417e-05,0.006634534557459437,0.00027032448951636034,0.0035918554206040287,0.0027588739420234543,0.0016498322108818853,0.0019280125567769923,0.004146091993013856,0.001373011836649174,0.00027032448951636034,0.002482818311647317,0.006647812204282233,0.0008451275309717676,0.005016423490114996,0.004146091993013856,0.006916460258146295,0.03130073720424731,0.03949686505307959,0.06872350363801638
0.0,-0.000568824551613778,-0.0008249518073617512,0.0,0.0,-0.0016723356123645727,0.0027588739420234543,0.0010984984164984501,-0.0008249518073617512,0.012492736514977287,0.0008198984550333854,0.0038671382067958504,0.000556322153726363,-0.001681386312222255,0.00387349370839174,0.0047001440369909275,0.001653878108724749,-0.004146091993013634,0.0056034216309807094,0.006095933891617777,0.004146091993013856,0.03509234874542777,0.04144243159176919,0.06846291223550638
-0.0008249518073617512,0.0002624149348657845,0.000556322153726363,0.0,0.0,0.005530598152771904,0.002204451577206279,0.0008262743279308093,0.0008262743279308093,0.0,0.001095013193279204,0.002204451577206279,0.000556322153726363,0.005543863753927236,0.0035918554206040287,0.004146091993013856,0.0024832129460298225,0.006109440120959264,0.006411002133068,0.009955199823975303,0.01026289041335704,0.03258585383871215,0.03981404015428924,0.0693270569106067
-0.0008249518073617512,0.0002624149348657845,-0.0008421662160718046,0.0,0.0,0.0027643146495073267,0.004974645966940527,0.001653878108724749,0.0022241503346184244,0.0,-0.0005706684453905542,0.002482818311647317,0.005267125265473571,0.006916460258146295,0.001653878108724749,0.001653878108724749,0.004424666762913976,0.007462691959167489,0.00027838775359601,0.00387349370839174,0.008015054981993397,0.038285868015465074,0.029732435433955984,0.0666982204154728
-0.0008249518073617512,-0.0011250023411503163,0.0008262743279308093,0.0,0.0,0.0013745400972974275,0.0002624149348657845,0.001653878108724749,0.0016498322108818853,0.004146091993013856,0.001373011836649174,0.0010984984164984501,0.002209064874267419,0.002482818311647317,0.000817813512796306,0.002209064874267419,0.004427934807165412,0.004445361763357081,0.002210465355457103,0.007188092585558525,0.009713187410557267,0.0438526725510241,0.031164025770783033,0.07540385417281537
-0.001382030664337841,0.00138677346329652,-0.0005565162184058003,0.0,0.0,-0.0002931865594714145,0.004144736047397624,0.0010984984164984501,-0.00026806756520980635,0.002779722279961816,-1.5234454912693707e-05,0.003591089641616252,0.003048164764474115,0.007512503755221389,0.004712650835283716,0.004420985347141637,0.004712650835283716,0.0047001440369909275,0.008355621383728029,0.009404417787390873,0.007772732957152195,0.029224003262008025,0.030981455361631105,0.06955413495401253
-0.0008249518073617512,-0.0058459855704745545,-0.0005565162184058003,0.0,0.0,-0.0005706684453905542,-0.002764061328675571,0.002209064874267419,-0.00028582147865008345,0.0030477748871257093,0.004154089201717337,0.002204451577206279,-0.001939306764742299,0.003317962877125158,0.0005429231703524273,0.0033188700759027023,0.003317962877125158,0.007509322142547181,0.0036010322558808205,0.009424211709783692,0.002764061328676015,0.03971478253441474,0.026913015890716485,0.06804000283205391
-0.0008249518073617512,-0.0033518022462379893,0.00027032448951636034,0.0,0.0,2.3164888851345822e-05,0.004146091993013856,0.0010984984164984501,0.0008451275309717676,-0.0027294366882152366,0.002204451577206279,0.001382030664337952,0.0016683947217825956,0.0035918554206040287,0.006095933891617777,0.004146091993013856,0.0035918554206040287,0.0011124528593240424,0.0017415392300045296,0.012749170419010358,0.007462691959167489,0.03858218723553419,0.03162719287305504,0.06529132091945566
-0.0008249518073617512,-0.0005706684453905542,0.0,0.0,0.0,-0.00028582147865008345,0.009137641899256033,0.00027032448951636034,0.001382030664337952,0.003048164764474115,0.001373011836649174,0.0030374317279332486,0.0011124528593240424,0.004991599156304649,0.004706948384371468,0.002482818311647317,0.0038671382067958504,0.004420985347141637,0.0044645610037137295,0.0058120840389300765,0.009395575406527468,0.03860329422036579,0.034874086927125236,0.060409892179012936
-0.0008249518073617512,-0.001681386312222255,0.0,0.0,0.0,0.004154089201717337,0.0047001440369909275,0.0010984984164984501,0.0019280125567769923,0.006961851799641483,0.0016498322108818853,-0.0005565162184058003,0.002209064874267419,0.009123017605950023,-0.0033220973110789087,0.0030374317279332486,0.0072218625813627035,0.0014311024538429251,0.0044645610037137295,0.004698191329625567,0.00885345948889904,0.0382219339524833,0.04010248985621778,0.06851995264092292
-0.0008249518073617512,-0.000568824551613778,0.0008262743279308093,0.0,0.0,-0.002784574479473778,0.0005429231703524273,0.001653878108724749,0.0033131019432014464,0.0030374317279332486,-1.2850268725106417e-05,0.0027588739420234543,-0.001091145363600221,-0.000568824551613778,-0.00026806756520980635,0.0033131019432014464,0.002210465355457103,0.002779722279961816,0.002516285143640218,0.006910153321689649,0.008036011957032851,0.031164025770783033,0.036711117760807155,0.07711533377594315
-0.0008249518073617512,0.00026504975763441685,-0.0005565162184058003,0.0,0.0,-0.0005565162184058003,0.0027643146495073267,0.0010984984164984501,0.0,-0.010304636748357021,0.0010984984164984501,0.0010984984164984501,0.0022241503346184244,0.0011021528654643342,0.005251458101944717,0.0019280125567769923,0.009123017605950023,0.004445361763357081,0.006750305320547101,0.006083280716050021,0.0033188700759027023,0.03186368530178474,0.030838580048707653,0.07078392477252471
-0.0008249518073617512,-0.0002931865594714145,0.0,0.0,0.0,0.001373011836649174,0.004974645966940527,0.0010984984164984501,0.0008262743279308093,-0.0036123449889204906,0.001373011836649174,0.0016683947217825956,0.001653878108724749,-0.005823101059245106,0.0010984984164984501,0.0011124528593240424,0.001653878108724749,0.007188092585558525,0.00556808221555527,0.011102961962767277,0.006081417998079264,0.03558410654396105,0.0349115103577361,0.07469199474329058
0.0008262743279308093,0.003317962877125158,-0.00026806756520980635,0.0,0.0,0.0072218625813627035,-0.0024709154062915184,0.001653878108724749,0.0016683947217825956,0.004812011971098484,0.000817813512796306,0.0033188700759027023,0.003048164764474115,0.006364365770436309,-0.0008489936446141044,0.0047001440369909275,0.0052596124515313925,0.0041580009755169955,0.002516285143640218,0.007199501314945955,0.01078873768253974,0.04406568785525755,0.04480467785841502,0.06973566964391364
-0.0008249518073617512,0.0002624149348657845,-0.0008249518073617512,0.0,0.0,0.0011021528654643342,0.0005399918626324274,0.0010984984164984501,0.002764061328676015,0.0019289773698787371,0.0019375961148145882,0.001373011836649174,0.0033188700759027023,-1.2850268725106417e-05,0.004144736047397624,0.0033188700759027023,0.002209064874267419,0.0033188700759027023,0.008323412858347257,0.007188092585558525,0.010505808152286744,0.026790818337674716,0.03302179861861432,0.052150525740992215
-0.0008249518073617512,0.00026504975763441685,0.0,0.0,0.0,-1.5234454912693707e-05,-0.00026806756520980635,0.0010984984164984501,-0.001382030664337841,0.007772732957152195,0.003037249486897986,0.0019280125567769923,0.0002886246790911873,0.0035918554206040287,0.0030374317279332486,0.0038671382067958504,0.001382030664337952,0.000874224620673214,0.005052369236349996,0.009123017605950023,0.0033131019432014464,0.019071033230011025,0.03949686505307959,0.060580696917526544
-0.0008249518073617512,0.001653878108724749,0.0,0.0,0.0,0.0005476842875851151,0.006635777997093584,0.0010984984164984501,0.0008262743279308093,-0.009624785980035133,-1.5234454912693707e-05,0.0019280125567769923,0.0033188700759027023,0.0011124528593240424,0.003317962877125158,0.002482818311647317,0.004420985347141637,0.004146091993013856,0.0044645610037137295,0.009424211709783692,0.004420985347141637,0.032822591926287004,0.029732435433955984,0.06807922522918552
-0.0008249518073617512,0.003317962877125158,0.000556322153726363,0.0,0.0,-0.0030544612689478168,0.0035918554206040287,0.0010984984164984501,0.000556322153726363,0.0033188700759027023,0.004706948384371468,0.0019280125567769923,0.0016683947217825956,0.002204451577206279,-0.001091145363600221,0.002482818311647317,0.002764061328676015,0.006357436513277137,0.0036010322558808205,0.002492973283857891,0.002492973283857891,0.024739614657295683,0.042624070189673846,0.0721926947031809
-0.001382030664337841,-1.2850268725106417e-05,-0.001939306764742299,0.0,0.0,0.0008451275309717676,-0.0022062257684499764,0.0010984984164984501,0.0019375961148145882,-0.002434963434530868,0.0002624149348657845,0.0010984984164984501,0.0019375961148145882,0.0002624149348657845,0.0030374317279332486,0.004420985347141637,-0.0008249518073617512,0.007462691959167489,0.005859952087086229,0.006916460258146295,0.009688184468894856,0.043325605201935624,0.026550035094834445,0.061559704198508536
-0.001382030664337841,-1.2850268725106417e-05,0.0011124528593240424,0.0,0.0,0.007512503755221389,-1.2850268725106417e-05,0.0010984984164984501,0.0030374317279332486,0.010238548875323161,0.002204451577206279,0.0033131019432014464,0.0033188700759027023,-0.0016701413737989501,0.002482818311647317,0.0033131019432014464,0.006364365770436309,0.0011367257898893257,0.007300115338484292,0.009713187410557267,0.0038903254402788967,0.03470801334928597,0.04163001227444718,0.05618932635350882
-0.0008249518073617512,-0.0030695860649729845,-0.0008249518073617512,0.0,0.0,-0.0011250023411503163,0.002204451577206279,0.0010984984164984501,0.0010984984164984501,-0.0016701413737989501,-0.0008421662160718046,0.000817813512796306,0.0030374317279332486,0.0036010322558808205,-0.0030695860649729845,0.001653878108724749,0.002764061328676015,0.0030692967237795354,0.0031016019048256682,0.007468370102474364,0.012459908679643528,0.03242724595299784,0.024061448251400552,0.06336447482600671
-0.0008249518073617512,-0.002237979151860414,-0.0005565162184058003,0.0,0.0,-0.003029108414277726,-0.001382030664337841,0.0010984984164984501,0.0010984984164984501,0.0008262743279308093,-0.0008421662160718046,0.002482818311647317,0.003603173138265192,0.003591089641616252,0.0033131019432014464,0.0027588739420234543,0.0052540141329256995,0.00498219594191196,0.004757240121619599,0.004420985347141637,0.012459908679643528,0.024791852470026465,0.05012738851240395,0.06455601837409497
0.0,0.0005399918626324274,0.0008262743279308093,0.0,0.0,-0.004146091993013634,0.0019375961148145882,0.0010984984164984501,0.00027032448951636034,-0.002434963434530868,0.000817813512796306,0.00027032448951636034,0.0033188700759027023,0.004977727706026225,0.006095933891617777,0.0035918554206040287,0.005528122657351586,0.006361218745558839,0.004205572803398727,0.006933638306137357,0.007199501314945955,0.03982056124241795,0.0353556490890905,0.06466585972099426
-0.0008249518073617512,-0.0011250023411503163,-0.0022272556024963697,0.0,0.0,0.003886475981683901,0.0008262743279308093,0.0010984984164984501,0.0011124528593240424,-0.003029108414277726,0.0027588739420234543,0.0038671382067958504,0.001382030664337952,0.0119109180280762,0.004974645966940527,0.0033131019432014464,0.003037249486897986,0.007750891311752883,0.005052369236349996,0.008873904906110397,0.006361218745558839,0.02778080769048974,0.03275508758223822,0.07822332052088388
0.0,-0.0016701413737989501,-0.0005565162184058003,0.0,0.0,-1.5234454912693707e-05,0.000817813512796306,0.0010984984164984501,0.0011124528593240424,0.01187730996014602,-0.0008489936446141044,0.003037249486897986,-0.00026806756520980635,-0.0002900086926456158,0.003871412698780552,0.0038671382067958504,0.0033131019432014464,0.01022523988134394,0.00527863753979374,0.007468370102474364,0.01165187592060335,0.029952135627390852,0.03866447314317756,0.08704993668464989
-0.0008249518073617512,0.0002624149348657845,0.0,0.0,0.0,-0.00694216079559673,0.0013745400972974275,0.0010984984164984501,-0.001382030664337841,0.003871412698780552,0.003871412698780552,0.0010984984164984501,0.002492973283857891,0.004706948384371468,0.006081417998079264,0.001653878108724749,0.006647812204282233,0.0011367257898893257,0.010647068949340421,0.008571646204766914,0.0041580009755169955,0.03593259779712754,0.039461002111961685,0.05305741106596218
-0.0008249518073617512,-0.000568824551613778,-0.0005565162184058003,0.0,0.0,-0.007207420954393862,0.0027643146495073267,0.0010984984164984501,0.0010984984164984501,-0.0032919408799685357,0.003591089641616252,0.0038671382067958504,0.0035918554206040287,0.005543863753927236,0.000556322153726363,0.0038671382067958504,0.002482818311647317,0.0011367257898893257,0.008355621383728029,0.006635777997093584,0.009674214650365331,0.031753901867095036,0.034228050172222746,0.06222463027786207
-0.0008249518073617512,0.004706948384371468,-0.00026806756520980635,0.0,0.0,-0.0005618910816976852,-0.001955462616023751,0.001653878108724749,0.0011124528593240424,-0.0022062257684499764,-1.2850268725106417e-05,0.001653878108724749,-0.0008249518073617512,0.001382030664337952,0.0038671382067958504,0.0035918554206040287,0.001382030664337952,0.0011124528593240424,-6.996120789803939e-06,0.004977727706026225,-0.00026806756520980635,0.020592414679001858,0.0522812329920197,0.06610333645079214
0.0,-0.001955462616023751,0.002209064874267419,0.0,0.0,-0.001648587989743766,0.0038671382067958504,-0.001382030664337841,0.0033188700759027023,0.001653878108724749,-0.001382030664337841,0.001653878108724749,0.005528122657351586,0.004991599156304649,-0.002496782748900306,0.002764061328676015,0.003871412698780552,0.0050002246353209046,0.006095933891617777,0.007751003834846171,0.009688184468894856,0.03422376590536147,0.03875079164792472,0.07216802756370444
0.0,0.001653878108724749,-0.0022062257684499764,0.0,0.0,0.008302322363520576,0.001382030664337952,0.00027032448951636034,0.001382030664337952,-0.0008489936446141044,-0.00028582147865008345,0.0019375961148145882,0.0033188700759027023,0.006083280716050021,0.0008198984550333854,0.0019280125567769923,0.004974645966940527,0.0052540141329256995,0.006961851799641483,0.004420985347141637,0.0010984984164984501,0.039349338088027874,0.033172224149515595,0.07921999840930016
-0.0008249518073617512,-0.0036123449889204906,-0.0008249518073617512,0.0,0.0,0.002204451577206279,0.0005429231703524273,0.001653878108724749,0.002492973283857891,0.006364365770436309,-0.002496782748900306,0.002482818311647317,0.000556322153726363,0.006910153321689649,0.001382030664337952,0.001653878108724749,0.0016564123223800076,0.007751003834846171,0.00333361207463978,0.013297556092486285,0.0028057071634464137,0.034874086927125236,0.03409478952873424,0.08260992347711882
-0.0005565162184058003,-0.0013987123740993868,0.0,0.0,0.0,0.0008326875612555407,-1.2850268725106417e-05,0.00027032448951636034,0.0002886246790911873,0.012289733574317951,0.002204451577206279,0.0038671382067958504,0.002492973283857891,0.002209064874267419,0.004712650835283716,0.002209064874267419,0.004424666762913976,0.0011367257898893257,0.0036218448471616593,0.004144736047397624,0.01165187592060335,0.0325794985918374,0.03949686505307959,0.0535737839642505
-0.0008249518073617512,-0.0008421662160718046,-0.0008249518073617512,0.0,0.0,-0.004184558111542613,-0.00028582147865008345,0.001653878108724749,0.0,0.0014014435844066364,-0.003029108414277726,-0.0011132291296921393,0.0019575754220024777,0.008036011957032851,0.005830500016617113,0.001653878108724749,0.001095013193279204,0.0016683947217825956,0.0014098751482347627,0.009404417787390873,-0.0011132291296921393,0.043016805371865696,0.028876861675436016,0.06500936579767969
-0.0008249518073617512,0.00027032448951636034,0.0008262743279308093,0.0,0.0,-0.0033220973110789087,-0.0005565162184058003,0.0010984984164984501,0.0008262743279308093,-0.0008421662160718046,0.0033131019432014464,0.0010984984164984501,0.002764061328676015,-1.2850268725106417e-05,0.005251458101944717,0.0019280125567769923,0.0028057071634464137,0.0041580009755169955,0.003317962877125158,0.0047001440369909275,0.006095933891617777,0.017330475581811555,0.03513105190832466,0.07461523196538977
0.0,-6.996120789803939e-06,0.0011124528593240424,0.0,0.0,0.004424666762913976,0.0008262743279308093,0.0008262743279308093,0.0,0.001653878108724749,0.002204451577206279,0.002209064874267419,0.002492973283857891,0.0033188700759027023,0.002482818311647317,0.0038671382067958504,0.008355621383728029,0.004735560978659126,-0.0030685425310329473,0.008020097892242117,0.009404417787390873,0.038238916207788964,0.03893333390405784,0.07115799972320891
-0.0008249518073617512,-0.0008421662160718046,-0.0008249518073617512,0.0,0.0,-0.004742369146661818,0.0005800377153619696,0.0010984984164984501,0.0038671382067958504,-0.0016168738605002453,-0.002237979151860414,0.004146091993013856,0.004420985347141637,0.003317962877125158,0.0008262743279308093,0.004420985347141637,0.006083280716050021,-0.0005338952726750001,0.006704905899645008,0.006083280716050021,0.012722307062391969,0.025479195047039438,0.03612790265904253,0.0723324746916707
0.0,0.0024832129460298225,0.0,0.0,0.0,-0.003074331808865405,-0.0011250023411503163,0.001653878108724749,0.001653878108724749,0.004706948384371468,0.005530598152771904,0.00027032448951636034,0.003603173138265192,0.0036010322558808205,0.004144736047397624,0.0010984984164984501,-0.0036123449889204906,0.004445361763357081,0.0031016019048256682,0.006647812204282233,0.006095933891617777,0.030635491417185245,0.03332678460765215,0.06489964236295376
0.0,0.0008262743279308093,0.001382030664337952,0.0,0.0,0.002482818311647317,0.001382030664337952,0.0010984984164984501,0.001653878108724749,-0.005015950166353367,0.000817813512796306,0.004977727706026225,0.002764061328676015,0.0019289773698787371,0.001095013193279204,0.0033188700759027023,0.0027588739420234543,0.002764061328676015,0.006095933891617777,0.006916460258146295,0.01304086142784966,0.03168207325228478,0.05255594108093686,0.06964243120712599
-0.0008249518073617512,0.0019289773698787371,-0.0008249518073617512,0.0,0.0,0.0019289773698787371,0.0016498322108818853,0.00027032448951636034,0.002209064874267419,-0.0013987123740993868,-0.000568824551613778,0.0030374317279332486,0.002764061328676015,0.0008262743279308093,0.0035918554206040287,0.002764061328676015,0.004974645966940527,0.008573556882089828,0.003949630340096766,0.004144736047397624,0.012492736514977287,0.029484292912119625,0.05115788705132085,0.05128749522435361
-0.001382030664337841,0.0019289773698787371,0.0,0.0,0.0,-0.0008489936446141044,0.001382030664337952,0.00027032448951636034,0.002209064874267419,-0.00028582147865008345,0.001373011836649174,0.0030374317279332486,0.002764061328676015,0.003591089641616252,0.0019289773698787371,0.0038671382067958504,-0.001382030664337841,-0.0007974999912784275,0.003653694308102251,0.005530598152771904,0.007467726248564621,0.032162549355037484,0.03849606716433929,0.055366508926680935
0.0,0.004424666762913976,-0.0005565162184058003,0.0,0.0,-0.002496782748900306,-0.001955462616023751,0.0010984984164984501,0.0027588739420234543,0.004144736047397624,0.0038671382067958504,0.0030374317279332486,0.004974645966940527,0.00027032448951636034,0.004420985347141637,0.001653878108724749,0.0010984984164984501,0.003048164764474115,0.00527863753979374,0.0027643146495073267,0.004427934807165412,0.04489397179765464,0.030981455361631105,0.07570118563253991
-0.0008249518073617512,-0.0002900086926456158,-0.0005565162184058003,0.0,0.0,0.002204451577206279,0.004974645966940527,0.00027032448951636034,0.0030374317279332486,-1.2850268725106417e-05,0.0033131019432014464,0.005251458101944717,0.001653878108724749,-0.002512419617166417,0.005528122657351586,0.0008262743279308093,0.004144736047397624,0.0038903254402788967,0.002516285143640218,0.0030374317279332486,0.00498219594191196,0.0403474820474613,0.042022713300075565,0.047368821378335424
-0.0008249518073617512,-0.0041704365848481695,-0.00028582147865008345,0.0,0.0,-0.0022272556024963697,-0.002784574479473778,0.0010984984164984501,-0.00026806756520980635,-0.002237979151860414,0.002482818311647317,-0.001382030664337841,-0.0008249518073617512,-0.004184558111542613,0.004698191329625567,0.002209064874267419,0.006916460258146295,-0.0002400740353054598,0.004726575968166835,0.010505808152286744,0.004712650835283716,0.03681132511232188,0.03133030801673875,0.059965609638512385
-0.0008249518073617512,0.000817813512796306,0.0008262743279308093,0.0,0.0,-0.002784574479473778,0.0033131019432014464,0.0010984984164984501,0.004420985347141637,-0.003507713875142038,-0.000568824551613778,0.004977727706026225,-0.0011132291296921393,-0.001681386312222255,-0.00026806756520980635,0.006081417998079264,0.006357436513277137,0.004146091993013856,0.005308698980976634,0.008020097892242117,0.009688184468894856,0.02552645439102985,0.03866447314317756,0.06495984975031621
-0.001382030664337841,-0.0016821702507554548,0.0011124528593240424,0.0,0.0,0.0033131019432014464,-0.000568824551613778,0.001653878108724749,0.0008262743279308093,0.002807723975816856,0.0019280125567769923,0.0019280125567769923,0.0019375961148145882,0.0027588739420234543,0.008586918590962278,0.002209064874267419,0.003603173138265192,0.004712650835283716,0.00333361207463978,0.007199501314945955,0.006933638306137357,0.04475037296895845,0.045019200761793,0.0693270569106067
0.0,0.003037249486897986,-0.0011132291296921393,0.0,0.0,-0.0011132291296921393,0.0010984984164984501,0.0010984984164984501,-0.0007974999912784275,-0.0022278906895980555,0.001095013193279204,0.003037249486897986,0.0014014435844066364,0.0035918554206040287,0.0052596124515313925,0.0030374317279332486,0.0019575754220024777,2.3164888851345822e-05,0.005349967830321933,0.004977727706026225,0.007468370102474364,0.017992328382794964,0.04006381274585091,0.07337918911328434
-0.0008249518073617512,0.0019406481811123921,0.00027032448951636034,0.0,0.0,-0.0002931865594714145,0.0019375961148145882,0.0008262743279308093,-0.001382030664337841,-0.004728738744843808,0.004706948384371468,0.002482818311647317,0.0019375961148145882,0.001373011836649174,0.003871412698780552,0.0030374317279332486,0.001373011836649174,0.0025135256150842222,0.007114430231334512,0.007468370102474364,0.003871412698780552,0.041400897286209104,0.03723746351471946,0.057411737310140376
-0.001382030664337841,-0.00028582147865008345,0.001382030664337952,0.0,0.0,-0.010304636748357021,-0.0008249518073617512,0.0010984984164984501,0.0,-0.0030544612689478168,-0.000568824551613778,0.002204451577206279,0.001382030664337952,0.002482818311647317,0.0010984984164984501,0.002482818311647317,0.004424666762913976,0.005528122657351586,0.0022272662042087665,0.0041580009755169955,0.004146091993013856,0.041393005355885526,0.046332710643376296,0.06619168836732103
-0.0008249518073617512,-0.0008489936446141044,0.0019375961148145882,0.0,0.0,-0.004466493366975022,0.0024832129460298225,0.0010984984164984501,-0.00026806756520980635,0.00387349370839174,0.0019280125567769923,0.0038671382067958504,0.005536279671072286,0.001095013193279204,0.008873904906110397,0.002482818311647317,0.003037249486897986,0.0014014435844066364,-0.0022067575505723136,0.006635777997093584,0.0027588739420234543,0.02956819756990936,0.028500223608179054,0.05241864772277505
-0.0008249518073617512,-1.5234454912693707e-05,-0.0005565162184058003,0.0,0.0,-0.0038803363681088054,-0.0011250023411503163,0.001653878108724749,0.001382030664337952,-0.0008421662160718046,0.0030477748871257093,0.00027032448951636034,0.0030374317279332486,0.004420985347141637,0.004144736047397624,0.0038671382067958504,0.005804538966350026,0.008567244935239526,0.006154266283863397,0.00885345948889904,-0.002784574479473778,0.02357805064129881,0.04033652503309004,0.07044417477430898
0.0,0.002494314423574062,0.0,0.0,0.0,0.002482818311647317,-0.001955462616023751,0.0010984984164984501,0.0019375961148145882,0.008062960656013307,-0.001681386312222255,-0.00028582147865008345,0.003603173138265192,0.003591089641616252,0.002210465355457103,0.002209064874267419,0.006634534557459437,0.003335113128643208,0.00700127045856247,0.010524279963666117,0.01022523988134394,0.037722681387299284,0.029248207771672252,0.06302674270272401
0.0,-0.002238243499469328,0.0,0.0,0.0,0.002210465355457103,-0.00028582147865008345,0.001653878108724749,-0.00026806756520980635,0.0058120840389300765,0.0002624149348657845,0.0019280125567769923,0.001382030664337952,0.0008198984550333854,0.004420985347141637,0.0030374317279332486,0.005530598152771904,0.0025135256150842222,0.004799112344799461,0.011056245314703173,0.010776095831061316,0.021046352660793244,0.03732590544653058,0.0774337623469381
-0.0008249518073617512,-0.002496782748900306,0.0,0.0,0.0,0.0008262743279308093,0.004144736047397624,0.0010984984164984501,0.0005429231703524273,0.000556322153726363,0.0002624149348657845,0.003591089641616252,0.0035918554206040287,0.001373011836649174,-0.001681386312222255,0.0008262743279308093,0.009404417787390873,0.006361218745558839,-0.0019564697246508,0.008302322363520576,0.009424211709783692,0.033990107431998706,0.0485402750202778,0.059089839565899416
-0.0008249518073617512,-0.003626964659106835,0.0,0.0,0.0,-0.001939306764742299,0.0019280125567769923,0.0010984984164984501,0.002764061328676015,0.003037249486897986,-0.0016701413737989501,0.0016498322108818853,0.00498219594191196,-0.00028582147865008345,0.0008451275309717676,0.0008262743279308093,0.001653878108724749,0.008567244935239526,-0.0011170033297764892,0.009947014977930935,0.009974335866978157,0.03699209927310365,0.034228050172222746,0.07084709250748189
-0.0008249518073617512,-0.0005706684453905542,0.0,0.0,0.0,0.0016498322108818853,0.00027032448951636034,0.0010984984164984501,0.001382030664337952,-0.0008421662160718046,-0.0008421662160718046,0.0005429231703524273,0.003603173138265192,0.002516285143640218,0.0033188700759027023,0.002482818311647317,0.005804538966350026,0.0005800377153619696,-0.0022278906895980555,0.004420985347141637,0.0019375961148145882,0.04406568785525755,0.05020903059831594,0.07041746974706675
-0.0008249518073617512,0.0005476842875851151,-0.001648587989743766,0.0,0.0,-0.0052872541691983965,-0.0008489936446141044,0.00027032448951636034,0.00027032448951636034,0.0019575754220024777,0.001095013193279204,0.0019280125567769923,0.0008262743279308093,0.004991599156304649,0.005530598152771904,0.0035918554206040287,0.0019280125567769923,0.002779722279961816,0.002516285143640218,0.010238548875323161,0.006083280716050021,0.03080165239211896,0.04113990866168682,0.06353659152705793
-0.0008249518073617512,-0.002237979151860414,-0.0005565162184058003,0.0,0.0,0.010524279963666117,-0.00028582147865008345,0.0010984984164984501,2.3164888851345822e-05,-0.0013551138067038337,0.0019280125567769923,0.0019280125567769923,0.0002886246790911873,0.003871412698780552,-0.0038506854489829268,0.002764061328676015,0.004698191329625567,0.006361218745558839,0.003912492062308592,0.005528122657351586,0.004144736047397624,0.03505292432754281,0.022613269007151326,0.05008055017084179
-0.001382030664337841,-0.005263889987317194,0.0,0.0,0.0,-0.001681386312222255,0.007188092585558525,0.00027032448951636034,0.0019375961148145882,0.0036218448471616593,0.003591089641616252,0.0033131019432014464,0.0002886246790911873,0.004144736047397624,-1.2850268725106417e-05,0.002209064874267419,-0.000568824551613778,0.009119264352852263,-0.00027612869369642024,0.004698191329625567,0.010238548875323161,0.03434458816326069,0.0335493876780687,0.07157188410566251
-0.001382030664337841,-0.0016821702507554548,0.0,0.0,0.0,-0.001955462616023751,-0.0030544612689478168,0.0010984984164984501,0.002482818311647317,0.0050002246353209046,0.0030477748871257093,0.001373011836649174,0.00387349370839174,0.001373011836649174,0.0022241503346184244,0.0030374317279332486,-1.2850268725106417e-05,0.00387349370839174,0.0030477748871257093,0.005804538966350026,0.004427934807165412,0.03557543462957835,0.03934120173166822,0.05464903651991326
-0.0008249518073617512,0.003037249486897986,-0.0008249518073617512,0.0,0.0,0.0016564123223800076,0.0035918554206040287,0.0010984984164984501,0.000556322153726363,0.00387349370839174,0.0019289773698787371,0.005251458101944717,0.0033188700759027023,0.006364365770436309,0.0019575754220024777,0.002482818311647317,0.006382166056728256,0.005536279671072286,0.0056034216309807094,0.002764061328676015,0.0008262743279308093,0.0382219339524833,0.03340271861347388,0.06313461258834241
-0.0008249518073617512,-0.004728738744843808,0.0,0.0,0.0,-0.0022272556024963697,0.0019280125567769923,0.00027032448951636034,0.002209064874267419,0.007468370102474364,0.001095013193279204,0.004146091993013856,0.0014014435844066364,0.002204451577206279,0.006364365770436309,0.0033131019432014464,0.001382030664337952,0.003048164764474115,0.004991599156304649,0.008020097892242117,0.009123017605950023,0.03702611386350996,0.03168207325228478,0.07500899821680218
0.0,-0.0011250023411503163,0.000556322153726363,0.0,0.0,-0.001126312807111285,-0.0041704365848481695,0.0008262743279308093,0.001373011836649174,0.0035918554206040287,0.002210465355457103,0.0010984984164984501,0.004146091993013856,0.0008198984550333854,-0.0008421662160718046,0.001653878108724749,0.0030374317279332486,0.004420985347141637,-0.0016821702507554548,0.007468370102474364,0.015732952488408114,0.027969002872291537,0.04280723666098607,0.06788269735988017
0.0,0.0010984984164984501,0.00027032448951636034,0.0,0.0,0.003317962877125158,0.0033131019432014464,0.00027032448951636034,0.0019375961148145882,-0.004188304873048887,0.0052596124515313925,0.004420985347141637,0.001653878108724749,-0.00028582147865008345,-0.001382030664337841,0.002482818311647317,0.0019289773698787371,-0.0024709154062915184,0.004757240121619599,0.007188092585558525,0.004974645966940527,0.030655934729108325,0.03593259779712754,0.07119161165545229
-0.0005565162184058003,-0.001955462616023751,0.0008262743279308093,0.0,0.0,0.0002886246790911873,-0.0005565162184058003,0.0010984984164984501,-0.001648587989743766,0.005821426802934737,0.0027588739420234543,0.003591089641616252,0.0011124528593240424,0.006081417998079264,0.00387349370839174,0.002764061328676015,0.004698191329625567,0.006910153321689649,-0.002237979151860414,0.012173057577688495,0.008586918590962278,0.027472926255650787,0.036682499800193225,0.06037618648535259
-0.0008249518073617512,0.002494314423574062,-0.0008249518073617512,0.0,0.0,-0.0016821702507554548,-0.001955462616023751,0.001653878108724749,-0.00028582147865008345,-0.0008421662160718046,0.0019280125567769923,0.0008262743279308093,0.0008262743279308093,0.001653878108724749,0.001382030664337952,0.0035918554206040287,0.001095013193279204,0.006109440120959264,0.002516285143640218,0.006081417998079264,0.0030374317279332486,0.025377357466984662,0.02515494917175365,0.07500790295995241
-0.0008249518073617512,0.0002624149348657845,-0.0008249518073617512,0.0,0.0,-0.001382030664337841,-0.001382030664337841,0.0010984984164984501,0.00027032448951636034,0.0005429231703524273,0.005804538966350026,0.0030374317279332486,2.3164888851345822e-05,0.0010984984164984501,0.0014014435844066364,0.001653878108724749,0.004698191329625567,0.005536279671072286,0.0016564123223800076,0.008586918590962278,0.0052596124515313925,0.02854414289824847,0.04465633737355823,0.06467154895943228
-0.0008249518073617512,0.0035918554206040287,0.0,0.0,0.0,0.00027032448951636034,0.0030374317279332486,0.001653878108724749,0.0019375961148145882,-0.005230455491674335,-0.000568824551613778,0.001373011836649174,0.0016683947217825956,0.004144736047397624,0.0008262743279308093,0.00387349370839174,0.0008262743279308093,0.0050002246353209046,0.002210465355457103,0.004144736047397624,0.002492973283857891,0.04297999117002771,0.03523976428719067,0.05926681685728341
-0.001382030664337841,-0.002794783559332603,0.0,0.0,0.0,-0.001955462616023751,-0.00026806756520980635,0.0010984984164984501,0.002482818311647317,-0.007731321612802988,-1.2850268725106417e-05,0.003037249486897986,0.003037249486897986,-0.00028582147865008345,-0.001939306764742299,0.004974645966940527,0.004974645966940527,0.0014014435844066364,0.002255019379854617,0.006910153321689649,0.005804538966350026,0.029378394168860678,0.03470649687328986,0.06771102651746841
-0.0008249518073617512,-0.002237979151860414,-0.00028582147865008345,0.0,0.0,0.007512503755221389,-0.0044096288388116855,0.0010984984164984501,-0.0011132291296921393,0.0019575754220024777,0.0008198984550333854,0.001653878108724749,0.001382030664337952,0.003037249486897986,0.0016498322108818853,0.001653878108724749,0.004424666762913976,-0.001091145363600221,0.003360213959376024,0.004698191329625567,0.005530598152771904,0.03522122873679645,0.030308649166795876,0.0743397138546289
-0.001382030664337841,0.0027643146495073267,0.0,0.0,0.0,0.0027588739420234543,0.001382030664337952,0.0010984984164984501,0.003048164764474115,0.00829218398602749,0.0024832129460298225,0.002764061328676015,-0.0007974999912784275,0.005251458101944717,0.007468370102474364,0.002764061328676015,0.004144736047397624,0.0016683947217825956,0.004757240121619599,0.0027588739420234543,0.006095933891617777,0.03913005446910667,0.02674168198646587,0.06882023573135276
0.0,-0.0011132291296921393,0.000556322153726363,0.0,0.0,-0.002237979151860414,0.002210465355457103,0.0010984984164984501,0.0016683947217825956,0.004174312631468946,0.001373011836649174,0.001653878108724749,0.002492973283857891,0.0010984984164984501,-0.0005338952726750001,0.005528122657351586,0.0027588739420234543,0.006914558366627466,0.004706948384371468,0.00885345948889904,0.010524279963666117,0.03998852615218851,0.03965666300342774,0.06364511560441088
0.0,0.001382030664337952,0.000556322153726363,0.0,0.0,0.007772732957152195,-0.004438781164096461,0.00027032448951636034,0.005251458101944717,0.0058120840389300765,-0.0011132291296921393,0.002204451577206279,0.002764061328676015,0.0010984984164984501,0.003335113128643208,0.001653878108724749,0.005528122657351586,0.0047001440369909275,0.002210465355457103,0.008036011957032851,0.0047001440369909275,0.021568469991945283,0.04503423462470124,0.07400265988179922
-0.0008249518073617512,0.0019289773698787371,0.000556322153726363,0.0,0.0,-0.004997434375344945,0.002204451577206279,0.0010984984164984501,-0.0005565162184058003,0.009248394021092787,0.0027643146495073267,0.001653878108724749,0.002764061328676015,0.003317962877125158,0.0005429231703524273,0.004420985347141637,0.0010984984164984501,0.0022241503346184244,-0.0022278906895980555,0.004698191329625567,0.01632601726313465,0.019581909906800088,0.028666313420453893,0.059381066554905715
